claim_id,page,claim,claim_type,primary_evidence,secondary_evidence,evidence_class,confidence,confidentiality,publicable,qualification_required,needs_steve,status,notes
ADM-004-01,4,NDIA distinguishes SDA in-use from eligible-not-yet-using and enrolled supply.,FACTUAL,NDIA SDA participants dataset,NDIA SDA Enrolled Dwellings and NDIS Demand workbook,P1,HIGH,PUBLIC,YES,Must preserve NDIA's own category boundaries rather than collapsing them,NO,READY,Foundational distinction; guardrail against HOLD-01
ADM-004-02,4,Do not treat those measures as one national vacancy statistic.,CAUTIONARY,NDIA SDA participants dataset,NDIA SDA Enrolled Dwellings and NDIS Demand workbook,P1,HIGH,PUBLIC,YES,"Explicitly state these are separate measures, not a single national vacancy rate",NO,READY,Direct guardrail against HOLD-01 (46% vacancy)
ADM-004-03,4,SDAHC observes repeated capital recycling/provider transition/vacancy/special-situation signals.,INTERPRETIVE,Market Intelligence database,SDAHC Information Request / VDD checklists,P4,MEDIUM,ANONYMISED_PUBLICABLE,CONDITIONAL,"Aggregate only; no named assets, providers or lenders; frame as observed pattern not statistic",YES,STEVE,Steve to confirm how many independent signals are needed before this is safely generalisable; see steve_review_questions.md Q1
ADM-004-04,4,2026 reassessment rules changed; direct causal effect on SDA funding not established.,CAUTIONARY,NDIS 2026 plan reassessment / legislative changes,,P1,MEDIUM,PUBLIC,YES,State the rule change as fact; state the causal link to SDA funding as unestablished,NO,READY,Do not imply causation beyond what NDIA has published
ADM-004-05,4,ASIC cannot independently quantify SDA-specific insolvency.,CAUTIONARY,ASIC Series 1 and Series 2 insolvency statistics,ASIC INFO 80,P1,HIGH,PUBLIC,YES,Explicit that ASIC data is not SDA-specific,NO,READY,Direct guardrail against HOLD-02 and HOLD-03
ADM-005-01,5,Enrolment alone does not create SDA funding.,FRAMEWORK,SDA Alignment Chain (report_brief.md),SDAHC Information Request / VDD checklists,P2,HIGH,PUBLIC,YES,"Present as SDAHC analytical framework, not an NDIA-defined rule",NO,FRAMEWORK,"Core structural claim underlying pages 5, 8, 9, 11, 12"
ADM-005-02,5,SDA value sits across more than freehold real estate alone.,FRAMEWORK,SDA Alignment Chain (report_brief.md),professional valuations,P2,HIGH,PUBLIC,YES,None beyond standard framing,NO,FRAMEWORK,
ADM-005-03,5,Healthy assets show alignment from enrolment through income and valuation.,FRAMEWORK,SDA Alignment Chain (report_brief.md),occupancy histories,P2,MEDIUM,PUBLIC,YES,"Describe as archetype pattern, not guarantee",NO,FRAMEWORK,
ADM-006-01,6,"First-response information covers participants, funding, enrolment, contracts, property and records.",PROCEDURAL,First 30 Days framework (report_brief.md),SDAHC Information Request / VDD checklists,P2,HIGH,PUBLIC,YES,None beyond standard framing,NO,FRAMEWORK,Feeds page 22 checklist
ADM-006-02,6,Participant/provider continuity is not merely ordinary property management.,INTERPRETIVE,provider-transition documentation,Market Intelligence database,P3,MEDIUM,CONFIDENTIAL_INTERNAL,CONDITIONAL,Must not stray into legal duty advice; frame as commercial/operational observation only,YES,STEVE,Risk of appearing to give legal advice on continuity duties; see steve_review_questions.md Q2
ADM-007-01,7,Secure to Reconcile to Diagnose to Stabilise to Value to Decide.,FRAMEWORK,First 30 Days framework (report_brief.md),,P2,HIGH,PUBLIC,YES,None,NO,FRAMEWORK,"Spine of pages 6, 7, 22"
ADM-008-01,8,"SDA pricing represents maximum prices, not guaranteed income.",FACTUAL,NDIS SDA Pricing Arrangements 2026-27,NDIS SDA Price Calculator 2026-27,P1,HIGH,PUBLIC,YES,"State explicitly as maximum, not guaranteed, price",NO,READY,Anchor claim for Income Reality Bridge
ADM-008-02,8,Investors carry vacancy risk.,ANALYTICAL,NDIS SDA Pricing Arrangements 2026-27,Specialist Disability Accommodation Rules 2020,P1,HIGH,PUBLIC,YES,None beyond standard framing,NO,READY,
ADM-008-03,11,Sustainable NOI may differ from theoretical or accounting income.,ANALYTICAL,P&Ls and rental schedules,professional valuations,P2,MEDIUM,ANONYMISED_PUBLICABLE,CONDITIONAL,No specific figures or ratios without Steve sign-off,NO,READY,Page reassigned from 8 to 11 in v0.4 (page 8 now stops at cash received; sustainable NOI is page 11's subject) — see ARCHITECTURE_CHANGELOG_v0.3_to_v0.4.md
ADM-009-01,9,Physical occupancy does not guarantee full SDA income.,FACTUAL,occupancy histories,SDAHC Information Request / VDD checklists,P2,HIGH,ANONYMISED_PUBLICABLE,YES,"Describe mechanism, not a specific asset",NO,READY,
ADM-009-02,9,"Funding, occupancy, claimability and cash collection are separate variables.",FRAMEWORK,Income Reality Bridge (report_brief.md),,P2,HIGH,PUBLIC,YES,None,NO,FRAMEWORK,
ADM-010-01,10,SDA providers carry regulatory responsibilities.,FACTUAL,SDA provider guidance / Practice Standards,Specialist Disability Accommodation Rules 2020,P1,HIGH,PUBLIC,YES,None,NO,READY,
ADM-010-02,10,Commercial agreements allocate material economic responsibilities.,ANALYTICAL,provider agreements / management agreements / head leases,Market Intelligence database,P2,MEDIUM,ANONYMISED_PUBLICABLE,CONDITIONAL,"No specific contract terms, parties or pricing; general categories only",NO,READY,
ADM-010-03,10,Sale/insolvency/assignment/provider replacement can affect execution.,ANALYTICAL,provider-transition documentation,Market Intelligence database,P3,MEDIUM,ANONYMISED_PUBLICABLE,CONDITIONAL,Aggregate framing only,NO,READY,
ADM-011-01,11,Buyer-underwritable NOI should be reconciled from actual economics.,PROCEDURAL,Income Reality Bridge (report_brief.md),Vendor DD / IM / transaction material,P2,HIGH,PUBLIC,YES,None,NO,READY,
ADM-011-02,11,Vacancy/provider cost/R&M/CAPEX can materially affect normalised earnings.,ANALYTICAL,P&Ls and rental schedules,portfolio packaging and buyer-underwriting material,P3,MEDIUM,ANONYMISED_PUBLICABLE,CONDITIONAL,No universal percentages; direct guardrail against HOLD-05,NO,READY,
ADM-012-01,12,SDA and alternative-use values can differ materially.,ANALYTICAL,professional valuations,Vendor DD / IM / transaction material,P2,MEDIUM,ANONYMISED_PUBLICABLE,CONDITIONAL,No specific valuation figures without Steve sign-off,YES,STEVE,Steve to confirm safe range/language for describing the gap; see steve_review_questions.md
ADM-012-02,12,In-use valuations rely on operating assumptions.,FACTUAL,professional valuations,,P2,HIGH,PUBLIC,YES,General valuation methodology only,NO,READY,
ADM-012-03,12,Current appointments should verify assumptions before relying on headline valuations.,PROCEDURAL,SDAHC Information Request / VDD checklists,professional valuations,P2,HIGH,PUBLIC,YES,None,NO,READY,
ADM-013-01,13,Four impairment framework: Operational / Provider-Contractual / Capital Structure / Fundamental.,FRAMEWORK,Four Types of Impairment (report_brief.md),Market Intelligence database,P3,LOW,PUBLIC,CONDITIONAL,Do not publish as final taxonomy until validated,YES,STEVE,"STEVE VALIDATION REQUIRED per report_brief.md, Framework 2 (Four Types of Impairment); see steve_review_questions.md Q3 (reworded in v0.4: validates the diagnostic categories, not their mapping to the operating pathway)"
ADM-014-01,14,Value can move between the upper value anchor (stabilised/in-use) and the current recovery position through multiple operating factors.,ANALYTICAL,Value Anchors framework (report_brief.md),Market Intelligence database,P3,MEDIUM,ANONYMISED_PUBLICABLE,CONDITIONAL,"List factors, do not quantify; Current Recovery Position is not a formal valuation methodology",NO,READY,"Wording updated in v0.4 — previously referenced 'special-situation value', a retired Three Value Lenses term. See ARCHITECTURE_CHANGELOG_v0.3_to_v0.4.md"
ADM-014-02,14,No universal percentage risk deduction should be assumed.,CAUTIONARY,Market Intelligence database,,P4,MEDIUM,PUBLIC,YES,Direct guardrail against HOLD-05,NO,READY,
ADM-015-01,15,SDA sale readiness requires participant/funding/provider/income information as well as property DD.,PROCEDURAL,SDAHC Information Request / VDD checklists,Vendor DD / IM / transaction material,P2,HIGH,PUBLIC,YES,None,NO,READY,
ADM-015-02,15,Missing or inconsistent information can weaken buyer confidence and execution.,ANALYTICAL,Vendor DD / IM / transaction material,Market Intelligence database,P4,MEDIUM,ANONYMISED_PUBLICABLE,YES,"General pattern, no named transactions",NO,READY,
ADM-016-01,16,"Packaging is a recovery decision, not simply a marketing format.",INTERPRETIVE,special-situations portfolio advisory material,portfolio packaging and buyer-underwriting material,P3,MEDIUM,CONFIDENTIAL_INTERNAL,CONDITIONAL,Steve to confirm this framing does not expose packaging methodology,YES,STEVE,See steve_review_questions.md Q7 and Q11
ADM-016-02,16,Heterogeneous portfolios may justify segmentation.,ANALYTICAL,portfolio packaging and buyer-underwriting material,,P3,MEDIUM,ANONYMISED_PUBLICABLE,YES,Hedged with 'may'; no specific portfolio referenced,NO,READY,
ADM-017-01,17,Stabilisation can create value or destroy value depending on time/carry/recovery potential.,ANALYTICAL,special-situations portfolio advisory material,Market Intelligence database,P3,MEDIUM,ANONYMISED_PUBLICABLE,YES,Present both directions; no universal rule,NO,READY,"See steve_review_questions.md Q5, Q6"
ADM-017-02,17,Hold/stabilise/sell requires balancing recovery potential against cost of delay.,PROCEDURAL,Value Anchors framework (report_brief.md),,P2,HIGH,PUBLIC,YES,None,NO,READY,primary_evidence reference updated in v0.4 (was 'Three Value Lenses')
ADM-018-01,18,Occupancy quality can matter more than occupancy percentage alone.,ANALYTICAL,occupancy histories,Market Intelligence database,P3,MEDIUM,ANONYMISED_PUBLICABLE,CONDITIONAL,Steve to confirm this ranking claim against real case experience,YES,STEVE,See steve_review_questions.md Q4
ADM-018-02,18,Occupied but poorly aligned income can present different risk from fully evidenced SDA occupancy.,ANALYTICAL,occupancy histories,SDA Alignment Chain (report_brief.md),P2,MEDIUM,ANONYMISED_PUBLICABLE,YES,Archetype framing only,NO,READY,
ADM-019-01,19,Reconcile material transaction issues before buyer launch.,PROCEDURAL,Vendor DD / IM / transaction material,SDAHC Information Request / VDD checklists,P2,HIGH,PUBLIC,YES,None,NO,READY,
ADM-019-02,19,Unresolved uncertainty can flow into buyer pricing and DD.,ANALYTICAL,portfolio packaging and buyer-underwriting material,Market Intelligence database,P3,MEDIUM,ANONYMISED_PUBLICABLE,YES,General pattern only,NO,READY,
ADM-021-01,21,Recovery pathway should respond to type of impairment.,FRAMEWORK,Four Types of Impairment (report_brief.md),special-situations portfolio advisory material,P3,LOW,PUBLIC,CONDITIONAL,Depends on ADM-013-01 validation,YES,STEVE,Cannot finalise decision tree until impairment taxonomy is validated
ADM-022-01,22,"Appointment checklist spans participant, provider, enrolment, economics, contracts, property and strategy.",PROCEDURAL,First 30 Days framework (report_brief.md),SDAHC Information Request / VDD checklists,P2,HIGH,PUBLIC,YES,None,NO,FRAMEWORK,"Consolidates pages 6, 7, 10, 15, 19"
HOLD-01,,46% national SDA vacancy.,FACTUAL,,,P5,LOW,NOT_PUBLICABLE,NO,N/A - blocked,YES,HOLD,Conflates NDIA's separate in-use / eligible-not-yet-using / enrolled measures into a single figure not published by NDIA in this form; see ADM-004-01/02. Do not use until a defensible single-figure methodology is agreed with Steve.
HOLD-02,,SDA insolvencies are increasing.,FACTUAL,,,P5,LOW,NOT_PUBLICABLE,NO,N/A - blocked,YES,HOLD,ASIC does not publish an SDA-specific insolvency series; see ADM-004-05. Trend claim cannot currently be substantiated at P1/P2 level.
HOLD-03,,Quantified named-lender SDA distress.,FACTUAL,,,P5,LOW,NOT_PUBLICABLE,NO,N/A - blocked,YES,HOLD,Identifies specific lenders; breaches confidentiality_rules.md (lender identities tied to distress). No public-facing use under any circumstances without named-party consent.
HOLD-04,,New legislation is stopping SDA approvals.,FACTUAL,,,P5,LOW,NOT_PUBLICABLE,NO,N/A - blocked,YES,HOLD,Overstates ADM-004-04; the 2026 reassessment rule change is confirmed but a direct causal effect on SDA approvals is not established at P1 level.
HOLD-05,,Universal vacancy / operating-cost / CAPEX percentages.,ANALYTICAL,,,P5,LOW,NOT_PUBLICABLE,NO,N/A - blocked,YES,HOLD,No dataset supports a single universal percentage across the portfolio; directly contradicted by ADM-014-02. Any percentage must be asset-specific and internal only.
HOLD-06,,Buyer rankings or statements about the only capital deploying.,INTERPRETIVE,,,P5,LOW,NOT_PUBLICABLE,NO,N/A - blocked,YES,HOLD,"Breaches confidentiality_rules.md (buyer rankings, buyer underwriting methodology). Single-source market colour, not verifiable, and commercially sensitive to named buyers."
HOLD-07,,Named provider financial distress.,FACTUAL,,,P5,LOW,NOT_PUBLICABLE,NO,N/A - blocked,YES,HOLD,"Breaches confidentiality_rules.md (named provider financial concerns). Requires named-party legal review before any use, public or internal-only."
ADM-P21-01,21,"Provider transition requires cancellation and a new application, with relevant documentation.",FACTUAL,PUB-08,,P1,HIGH,PUBLIC,YES,Do not treat ownership change alone as the trigger.,NO,SUPPORTED_PUBLIC,"Final Page 21 direction, verified 2026-09-29."
ADM-P21-02,21,Some buyers may require satisfactory enrolment evidence as a transaction condition.,COMMERCIAL_GUIDANCE,Steve Dawson final Page 21 direction,,EXPERT,QUALIFIED,PUBLIC,YES,Explicit SDAHC attribution; not an NDIA requirement or an independently verified transaction sample.,NO,SDAHC_EXPERT_OBSERVATION,"Final Page 21 direction, verified 2026-09-29."
ADM-P21-03,21,Eligible vacancy payments may temporarily support income after departure; never-occupied new builds excluded.,FACTUAL,PUB-11,,P1,HIGH,PUBLIC,YES,"Conditional, time-limited, evidence required; no general vacancy guarantee.",NO,SUPPORTED_PUBLIC,"Final Page 21 direction, verified 2026-09-29."
ADM-P21-04,21,Participant departure and replacement timing require commercial assessment.,COMMERCIAL_GUIDANCE,Steve Dawson final Page 21 direction,,EXPERT,QUALIFIED,PUBLIC,YES,"No promise of retention, placement or funding outcomes.",NO,SDAHC_EXPERT_OBSERVATION,"Final Page 21 direction, verified 2026-09-29."
ADM-P21-05,21,"De-identified reconciliation can distinguish durable income, remediable uncertainty and realisation risks.",COMMERCIAL_GUIDANCE,Steve Dawson final Page 21 direction; INT-02; INT-08,,EXPERT,QUALIFIED,PUBLIC,YES,Commercial diagnostic principle; no outcome guarantee or participant-identifying disclosure.,NO,SDAHC_EXPERT_OBSERVATION,"Final Page 21 direction, verified 2026-09-29."
ADM-P21-06,21,Certain current SDA base amounts distinguish historical GST and input-tax-credit treatment.,FACTUAL,PUB-12,,P1,HIGH,PUBLIC,YES,"Current 24 September 2026 schedule, section 3.1(c)(vi), Appendix 1 Tables 1 and 5; asset-specific applicability, no calculated income effect.",NO,SUPPORTED_PUBLIC,"Final Page 21 direction, verified 2026-09-29."
ADM-P21-07,21,GST-free NDIS supplies require specified conditions; assess actual provider arrangements with tax advisers.,FACTUAL,PUB-13,,P1,HIGH,PUBLIC,YES,Do not extend NDIS participant-supply treatment automatically to management services or sale of rights. Similar arrangements may differ is a qualified commercial inference.,NO,SUPPORTED_PUBLIC,"Final Page 21 direction, verified 2026-09-29."
ADM-P21-08,21,Historic enrolment alone does not establish present documentary readiness; obtain legal and tax input before strategy is fixed.,COMMERCIAL_GUIDANCE,Steve Dawson final Page 21 direction; PUB-08,,EXPERT,QUALIFIED,PUBLIC,YES,Risk and advice sequencing only; no universal failure or rectification cost claim.,NO,SDAHC_EXPERT_OBSERVATION,"Final Page 21 direction, verified 2026-09-29."
ADM-P21-H01,21,Sale or ownership change automatically requires re-enrolment.,COMMERCIAL_GUIDANCE,No primary support found,,EXPERT,QUALIFIED,INTERNAL_ONLY,NO,Withheld; provider transition mechanism only is verified.,NO,NOT_FOR_PUBLICATION,"Final Page 21 direction, verified 2026-09-29."
ADM-P21-H02,21,Significant re-enrolment or rectification cost occurs in particular assets.,COMMERCIAL_GUIDANCE,No asset-level cost evidence inspected,,EXPERT,QUALIFIED,INTERNAL_ONLY,NO,"Withheld; no quantified cost or definitive re-enrolment failure published. INT-06 supports transition tasks, not costs.",NO,NEEDS_EVIDENCE,"Final Page 21 direction, verified 2026-09-29."
ADM-P21-H03,21,Large providers differ systematically in whether they charge GST.,COMMERCIAL_GUIDANCE,No documentary market evidence,,EXPERT,QUALIFIED,INTERNAL_ONLY,NO,Withheld as a market statistic; assess the actual contractual and tax position instead.,NO,NOT_FOR_PUBLICATION,"Final Page 21 direction, verified 2026-09-29."
